plan_nb,purpose,activity,project_name,budget,unit,status,id
3.2,1. แผนงานที่มีวัตถุประสงค์เพื่อสร้างความเข้มแข็งเศรษฐกิจฐานราก,เกษตรทฤษฎีใหม่ เพื่อให้พึ่งพาตนเอง,โครงการพัฒนาพื้นที่ต้นแบบการพัฒนาคุณภาพชีวิตตามหลักทฤษฎีใหม่ประยุกต์สู่ “โคก หนอง นา โมเดล”,4787920000.0,กรมการพัฒนาชุมชน กระทรวงมหาดไทย,revision,522205
3.2,1. แผนงานที่มีวัตถุประสงค์เพื่อสร้างความเข้มแข็งเศรษฐกิจฐานราก,เกษตรทฤษฎีใหม่ เพื่อให้พึ่งพาตนเอง,โครงการ 1 ตำบล 1 กลุ่มเกษตรทฤษฎีใหม่,9805710000.0,กระทรวงเกษตรและสหกรณ์,revision,522206
3.2,1. แผนงานที่มีวัตถุประสงค์เพื่อสร้างความเข้มแข็งเศรษฐกิจฐานราก,เกษตรทฤษฎีใหม่ เพื่อให้พึ่งพาตนเอง,พัฒนาเพิ่มศักยภาพมัลเบอรี่วัลเล่ย์,3000000.0,ศูนย์หม่อนไหมเฉลิมพระเกียรติฯ สระบุรี,accepted,522207
3.2,1. แผนงานที่มีวัตถุประสงค์เพื่อสร้างความเข้มแข็งเศรษฐกิจฐานราก,เกษตรทฤษฎีใหม่ เพื่อให้พึ่งพาตนเอง,ส่งเสริมการเลี้ยงสัตว์ปีกแบบยั่งยืน ตามหลักเศรษฐกิจพอเพียง,7666600.0,สำนักงานปศุสัตว์จังหวัดสิงห์บุรี,accepted,522208
3.2,1. แผนงานที่มีวัตถุประสงค์เพื่อสร้างความเข้มแข็งเศรษฐกิจฐานราก,เกษตรทฤษฎีใหม่ เพื่อให้พึ่งพาตนเอง,ส่งเสริมการพัฒนาอาชีพตามแนวปรัชญาเศรษฐกิจพอเพียง,4930000.0,จังหวัดพระนครศรีอยุธยา(สำนักงานปศุสัตว์จังหวัดพระนครศรีอยุธยา),accepted,522209
3.2,1. แผนงานที่มีวัตถุประสงค์เพื่อสร้างความเข้มแข็งเศรษฐกิจฐานราก,เกษตรทฤษฎีใหม่ เพื่อให้พึ่งพาตนเอง,โครงการส่งเสริมเพิ่มประสิทธิภาพเกษตรผสมผสานโดยจัดระบบอนุรักษ์ดินและน้ำตามแนวเศรษฐกิจพอเพียง,2202000.0,สถานีพัฒนาที่ดินภูเก็ต,accepted,522210
3.2,1. แผนงานที่มีวัตถุประสงค์เพื่อสร้างความเข้มแข็งเศรษฐกิจฐานราก,เกษตรทฤษฎีใหม่ เพื่อให้พึ่งพาตนเอง,โครงการส่งเสริมการผลิตสินค้าเกษตรทางเลือกแก่เกษตรกรผู้ปลูกปาล์มน้ำมันและยางพารา,16700000.0,สำนักงานเกษตรจังหวัดกระบี่,accepted,522211
3.2,1. แผนงานที่มีวัตถุประสงค์เพื่อสร้างความเข้มแข็งเศรษฐกิจฐานราก,เกษตรทฤษฎีใหม่ เพื่อให้พึ่งพาตนเอง,โครงการโรงเรียนต้นแบบเกษตรเพื่ออาหารกลางวันตามแนวเศรษฐกิจพอเพียง,2600000.0,สำนักงานเกษตรและสหกรณ์จังหวัดตรัง,accepted,522212
3.2,1. แผนงานที่มีวัตถุประสงค์เพื่อสร้างความเข้มแข็งเศรษฐกิจฐานราก,เกษตรทฤษฎีใหม่ เพื่อให้พึ่งพาตนเอง,โครงการส่งเสริมการเลี้ยงไก่ไข่เพื่อใช้บริโภคในครัวเรือน,2745000.0,สำนักงานปศุสัตว์จังหวัดพังงา,accepted,522213
3.2,1. แผนงานที่มีวัตถุประสงค์เพื่อสร้างความเข้มแข็งเศรษฐกิจฐานราก,เกษตรทฤษฎีใหม่ เพื่อให้พึ่งพาตนเอง,โครงการจัดระบบอนุรักษ์ดินและน้ำเพื่อปลูกพืชแบบผสมผสาน,14000000.0,สถานพัฒนาที่ดินจังหวัดยะลา,accepted,522214
3.2,1. แผนงานที่มีวัตถุประสงค์เพื่อสร้างความเข้มแข็งเศรษฐกิจฐานราก,เกษตรทฤษฎีใหม่ เพื่อให้พึ่งพาตนเอง,โครงการส่งเสริมการปลูกพืชอายุสั้นเพิ่มรายได้เร่งด่วนให้เกษตรกรผู้ได้รับผลกระทบจากการระบาดของโรคติดเชื้อไวรัสโคโรนา 2019,920000.0,สำนักงานเกษตรอำเภอบันนังสตา จังหวัดยะลา,accepted,522215
3.2,1. แผนงานที่มีวัตถุประสงค์เพื่อสร้างความเข้มแข็งเศรษฐกิจฐานราก,เกษตรทฤษฎีใหม่ เพื่อให้พึ่งพาตนเอง,ขยายผลการเกษตรตามแนวทฤษฎีใหม่,1520200.0,สนง.สหกรณ์จังหวัดพะเยา,accepted,522216
3.2,1. แผนงานที่มีวัตถุประสงค์เพื่อสร้างความเข้มแข็งเศรษฐกิจฐานราก,เกษตรทฤษฎีใหม่ เพื่อให้พึ่งพาตนเอง,ส่งเสริมการเลี้ยงไก่พันธุ์ไข่เพื่อส่งเสริมเศรษฐกิจฐานราก,200000.0,สำนักงานพัฒนาสังคมและความมั่นคงของมนุษย์จังหวัดกาฬสินธุ์,accepted,522217
3.2,1. แผนงานที่มีวัตถุประสงค์เพื่อสร้างความเข้มแข็งเศรษฐกิจฐานราก,การสร้างงาน สร้างอาชีพ,โครงการพัฒนาตำบลแบบบูรณาการ,2701876000.0,กรมการปกครอง กระทรวงมหาดไทย,revision,522218
3.2,1. แผนงานที่มีวัตถุประสงค์เพื่อสร้างความเข้มแข็งเศรษฐกิจฐานราก,การสร้างงาน สร้างอาชีพ,โครงการอาสาสมัครบริบาลท้องถิ่นเพื่อดูแลผู้สูงอายุที่มีภาวะพึ่งพิง,1080586000.0,กรมส่งเสริมการปกครองท้องถิ่น กระทรวงมหาดไทย,revision,522219
3.2,1. แผนงานที่มีวัตถุประสงค์เพื่อสร้างความเข้มแข็งเศรษฐกิจฐานราก,การสร้างงาน สร้างอาชีพ,ส่งเสริมอาชีพผู้สูงอายุ,357000.0,จังหวัดพระนครศรีอยุธยา(สำนักงานพัฒนาสังคมและความมั่นคงของมนุษย์จังหวัดพระนครศรีอยุธยา),accepted,522220
3.2,1. แผนงานที่มีวัตถุประสงค์เพื่อสร้างความเข้มแข็งเศรษฐกิจฐานราก,การสร้างงาน สร้างอาชีพ,การเพิ่มศักยภาพกำลังคนเพื่อยกระดับการผลิต การค้า ภาคอุตสาหกรรมและบริการ,2532000.0,จังหวัดพระนครศรีอยุธยา (สถาบันพัฒนาฝีมือแรงงาน 15 พระนครศรีอยุธยา),accepted,522221
3.2,1. แผนงานที่มีวัตถุประสงค์เพื่อสร้างความเข้มแข็งเศรษฐกิจฐานราก,การสร้างงาน สร้างอาชีพ,เพาะเห็ดจากวัตถุดิบเดิม และวัตถุดิบที่มีในท้องถิ่นเพื่อการลดต้นทุนการผลิตก้อนเห็ด,200000.0,สำนักงานเกษตรจังหวัดชัยนาท,accepted,522222
3.2,1. แผนงานที่มีวัตถุประสงค์เพื่อสร้างความเข้มแข็งเศรษฐกิจฐานราก,การสร้างงาน สร้างอาชีพ,เลี้ยงไก่ไข่อารมณ์ดี,162400.0,สำนักงานปศุสัตว์จังหวัดชัยนาท,accepted,522223
3.2,1. แผนงานที่มีวัตถุประสงค์เพื่อสร้างความเข้มแข็งเศรษฐกิจฐานราก,การสร้างงาน สร้างอาชีพ,วิถีชุมชนแม่ลาเพื่อการอนุรักษ์ฟื้นฟูลำน้ำแม่ลา,2044200.0,สำนักงานประมงจังหวัดสิงห์บุรี  สำนักงานสถิติจังหวัดสิงห์บุรี,accepted,522224
3.2,1. แผนงานที่มีวัตถุประสงค์เพื่อสร้างความเข้มแข็งเศรษฐกิจฐานราก,การสร้างงาน สร้างอาชีพ,ส่งเสริมการเลี้ยงปลาดุกอุยร่วมกับปลานิลแบบครบวงจร,523200.0,สำนักงานประมงจังหวัดสิงห์บุรี  สำนักงานสถิติจังหวัดสิงห์บุรี,accepted,522225
3.2,1. แผนงานที่มีวัตถุประสงค์เพื่อสร้างความเข้มแข็งเศรษฐกิจฐานราก,การสร้างงาน สร้างอาชีพ,ส่งเสริมการเลี้ยงผึ้งชัณโรงและแปรรูปผลิตภัณฑ์ชัณโรงเพื่อสุขภาพ,640000.0,สำนักงานพัฒนาชุมชนจังหวัดนนทบุรี,accepted,522226
3.2,1. แผนงานที่มีวัตถุประสงค์เพื่อสร้างความเข้มแข็งเศรษฐกิจฐานราก,การสร้างงาน สร้างอาชีพ,พัฒนาสินค้าเกษตรนนท์สู่เกษตรสมัยใหม่,2360000.0,สำนักงานเกษตรและสหกรณ์จังหวัดนนทบุรี,accepted,522227
3.2,1. แผนงานที่มีวัตถุประสงค์เพื่อสร้างความเข้มแข็งเศรษฐกิจฐานราก,การสร้างงาน สร้างอาชีพ,ส่งเสริมและพัฒนาวิสาหกิจชุมชนจังหวัดนนทบุรี,1033760.0,สำนักงานเกษตรจังหวัดนนทบุรี,accepted,522228
3.2,1. แผนงานที่มีวัตถุประสงค์เพื่อสร้างความเข้มแข็งเศรษฐกิจฐานราก,การสร้างงาน สร้างอาชีพ,ยกระดับคุณภาพผลผลิตทางการเกษตรสู่มาตรฐานเกษตรปลอดภัย,6691000.0,สำนักงานประมงจังหวัดปทุมธานี/สำนักงานปศุสัตว์จังหวัดปทุมธานี/สำนักงานประมงจังหวัดปทุมธานี,accepted,522229
3.2,1. แผนงานที่มีวัตถุประสงค์เพื่อสร้างความเข้มแข็งเศรษฐกิจฐานราก,การสร้างงาน สร้างอาชีพ,พัฒนายกระดับการผลิตผ้าใยกล้วย,895100.0,สำนักงานพัฒนาชุมชนจังหวัดปทุมธานี,accepted,522230
3.2,1. แผนงานที่มีวัตถุประสงค์เพื่อสร้างความเข้มแข็งเศรษฐกิจฐานราก,การสร้างงาน สร้างอาชีพ,ขยายโอกาสในการสร้างอาชีพใหม่ให้กับแรงงานนอกระบบ,485000.0,สำนักงานแรงงานจังหวัดสมุทรปราการ,accepted,522231
3.2,1. แผนงานที่มีวัตถุประสงค์เพื่อสร้างความเข้มแข็งเศรษฐกิจฐานราก,การสร้างงาน สร้างอาชีพ,ส่งเสริมการปลูกพืชสมุนไพรจังหวัดสุพรรณบุรี,2600000.0,สำนักงานเกษตรจังหวัดสุพรรณบุรี,accepted,522232
3.2,1. แผนงานที่มีวัตถุประสงค์เพื่อสร้างความเข้มแข็งเศรษฐกิจฐานราก,การสร้างงาน สร้างอาชีพ,ยกระดับคุณภาพผลผลิตทางการเกษตรสู่มาตรฐานเกษตรปลอดภัย (11 กิจกรรมย่อย),18565840.0,1) สำนักงานปศุสัตว์จังหวัด 2) มหาวิทยาลัยราชภัฏนครปฐม 3) สำนักงานการท่องเที่ยวและกีฬาจังหวัดนครปฐม,accepted,522233
3.2,1. แผนงานที่มีวัตถุประสงค์เพื่อสร้างความเข้มแข็งเศรษฐกิจฐานราก,การสร้างงาน สร้างอาชีพ,ฟื้นฟูเศรษฐกิจและสังคมภาคเกษตรกรรมด้วยหลักปรัชญาของเศรษฐกิจพอเพียง,2878800.0,สนง.ประมงจังหวัดตราด/สนง.เกษตรจังหวัดตราด/สนง.ปศุสัตว์จังหวัดตราด/ที่ทำการปกครองอำเภอคลองใหญ่/ที่ทำการปกครองอำเภอแหลมงอบ,accepted,522234
3.2,1. แผนงานที่มีวัตถุประสงค์เพื่อสร้างความเข้มแข็งเศรษฐกิจฐานราก,การสร้างงาน สร้างอาชีพ,โครงการพัฒนาต้นแบบเพื่อสร้างความมั่นคงด้านอาหาร จังหวัดสุราษฎร์ธานี,3071000.0,สำนักงานเกษตรและสหกรณ์จังหวัดสุราษฎร์ธานี,accepted,522235
3.2,1. แผนงานที่มีวัตถุประสงค์เพื่อสร้างความเข้มแข็งเศรษฐกิจฐานราก,การสร้างงาน สร้างอาชีพ,โครงการฟื้นฟูอาชีพเกษตรกรผู้เพาะเลี้ยงสัตว์น้ำจืดรายย่อย และพัฒนาการแปรรูปกลุ่มผู้เพาะเลี้ยงสัตว์น้ำจืดเพื่อเพิ่มช่องทางการจำหน่ายอย่างยั่งยืน,5887000.0,สำนักงานประมงจังหวัดสุราษฎร์ธานี,accepted,522236
3.2,1. แผนงานที่มีวัตถุประสงค์เพื่อสร้างความเข้มแข็งเศรษฐกิจฐานราก,การสร้างงาน สร้างอาชีพ,โครงการส่งเสริมความมั่นคงด้านอาหารสานพลังครอบครัวยั่งยืน,1457500.0,สำนักงานพัฒนาสังคมและความมั่นคงของมนุษย์จังหวัดพัทลุง,accepted,522237
3.2,1. แผนงานที่มีวัตถุประสงค์เพื่อสร้างความเข้มแข็งเศรษฐกิจฐานราก,การสร้างงาน สร้างอาชีพ,โครงการส่งเสริมการเกษตรแบบผสมผสานเพื่อการพึ่งพาตนเองในพื้นที่จัดที่ดินให้ชุมชนตามนโยบายรัฐบาล (คทช.) ในพื้นที่เขตปฏิรูปที่ดินท้องที่ตำบลสะพานไม้แก่น อำเภอจะนะ จังหวัดสงขลา,885200.0,สำนักงานการปฏิรูปที่ดินจังหวัดสงขลา,accepted,522238
3.2,1. แผนงานที่มีวัตถุประสงค์เพื่อสร้างความเข้มแข็งเศรษฐกิจฐานราก,การสร้างงาน สร้างอาชีพ,โครงการส่งเสริมการฝึกอาชีพระยะสั้นเพื่อเพิ่มทักษะและการประกอบอาชีพเสริม,5000000.0,วิทยาลัยสารพัดช่างตรัง,accepted,522239
3.2,1. แผนงานที่มีวัตถุประสงค์เพื่อสร้างความเข้มแข็งเศรษฐกิจฐานราก,การสร้างงาน สร้างอาชีพ,โครงการพัฒนาทักษะด้านอาชีพแก่ผู้ได้รับผลกระทบจากการระบาดของโรคติดเชื้อไวรัสโคโรนา 2019,1703600.0,ศูนย์พัฒนาฝีมือแรงงานจังหวัดพังงา,accepted,522240
3.2,1. แผนงานที่มีวัตถุประสงค์เพื่อสร้างความเข้มแข็งเศรษฐกิจฐานราก,การสร้างงาน สร้างอาชีพ,โครงการอนุรักษ์ฟื้นฟูทรัพยากรสัตว์น้ำ และแหล่งทำการประมงซั้ง ปะการังเทียมพื้นบ้าน,1244000.0,สำนักงานประมงจังหวัดระนอง,accepted,522241
3.2,1. แผนงานที่มีวัตถุประสงค์เพื่อสร้างความเข้มแข็งเศรษฐกิจฐานราก,การสร้างงาน สร้างอาชีพ,โครงการส่งเสริมการเลี้ยงสัตว์น้ำ เพื่อฟื้นฟูเศรษฐกิจหลังโควิด-19,5859000.0,สำนักงานประมงจังหวัดยะลา,accepted,522242
3.2,1. แผนงานที่มีวัตถุประสงค์เพื่อสร้างความเข้มแข็งเศรษฐกิจฐานราก,การสร้างงาน สร้างอาชีพ,โครงการส่งเสริมอาชีพสร้างรายได้ตามแนวพระราชดำริ เพื่อบรรเทาปัญหาความเดือดร้อนของประชาชนจากภัยโควิด-19,2080000.0,สำนักงานจังหวัดปัตตานี,accepted,522243
3.2,1. แผนงานที่มีวัตถุประสงค์เพื่อสร้างความเข้มแข็งเศรษฐกิจฐานราก,การสร้างงาน สร้างอาชีพ,โครงการฝึกอบรมอาชีพระยะสั้น ผู้ได้รับผลกระทบจากสถานการณ์การระบาดของโรคติดเชื้อไวรัสโคโรนา 2019,5163850.0,อาชีวศึกษาปัตตานี,accepted,522244
3.2,1. แผนงานที่มีวัตถุประสงค์เพื่อสร้างความเข้มแข็งเศรษฐกิจฐานราก,การสร้างงาน สร้างอาชีพ,ส่งเสริมการเลี้ยงสัตว์เพื่อลดรายจ่าย สร้างรายได้,6169100.0,จังหวัดแม่ฮ่องสอน,accepted,522245
3.2,1. แผนงานที่มีวัตถุประสงค์เพื่อสร้างความเข้มแข็งเศรษฐกิจฐานราก,การสร้างงาน สร้างอาชีพ,โครงการส่งเสริมการทำเกษตรแบบผสมผสานของจังหวัดตาก,21550000.0,สำนักงานเกษตรจังหวัดตาก,accepted,522246
3.2,1. แผนงานที่มีวัตถุประสงค์เพื่อสร้างความเข้มแข็งเศรษฐกิจฐานราก,การสร้างงาน สร้างอาชีพ,โครงการเพิ่มประสิทธิภาพและลดต้นทุนการผลิตสินค้าเกษตรจังหวัดตาก,22765400.0,สำนักงานเกษตรจังหวัดตาก,considering,522247
3.2,1. แผนงานที่มีวัตถุประสงค์เพื่อสร้างความเข้มแข็งเศรษฐกิจฐานราก,การสร้างงาน สร้างอาชีพ,โครงการส่งเสริมการพัฒนาผลิตภัณฑ์สมุนไพรชุมชนเพื่อสนับสนุนการผลิตสมุนไพรในพื้นที่จังหวัดสุโขทัย,3537800.0,สำนักงานสาธารณสุขจังหวัดสุโขทัย,accepted,522248
3.2,1. แผนงานที่มีวัตถุประสงค์เพื่อสร้างความเข้มแข็งเศรษฐกิจฐานราก,การสร้างงาน สร้างอาชีพ,โครงการพัฒนาความเข้มแข็งกลุ่มสัมมาชีพชุมชน ร่วมฟื้นฟูเศรษฐกิจฐานราก จังหวัดอุตรดิตถ์,4000000.0,สำนักงานพัฒนาชุมชนจังหวัดอุตรดิตถ์,accepted,522249
3.2,1. แผนงานที่มีวัตถุประสงค์เพื่อสร้างความเข้มแข็งเศรษฐกิจฐานราก,การสร้างงาน สร้างอาชีพ,โครงการจ้างแรงงาน เพื่อสร้างงาน สร้างรายได้ ให้แก่ผู้ได้รับผลกระทบจากสถานการณ์การแพร่ระบาดของโรคติดเชื้อไวรัสโคโรนา 2019 (COVID-19),894200.0,โรงพยาบาลอุตรดิตถ์,considering,522250
3.2,1. แผนงานที่มีวัตถุประสงค์เพื่อสร้างความเข้มแข็งเศรษฐกิจฐานราก,การสร้างงาน สร้างอาชีพ,ส่งเสริมกลุ่มเกษตรกรในการเพิ่มประสิทธิภาพการผลิตและการพัฒนาการตลาดเกษตร,593200.0,สนง.ปศุสัตว์จังหวัดนครสวรรค์,accepted,522251
3.2,1. แผนงานที่มีวัตถุประสงค์เพื่อสร้างความเข้มแข็งเศรษฐกิจฐานราก,การสร้างงาน สร้างอาชีพ,ส่งเสริมและพัฒนาการผลิตสินค้าเกษตรตามแนวเศรษฐกิจพอเพียง,11500000.0,สำนักงานเกษตรจังหวัดนครสวรรค์,accepted,522252
3.2,1. แผนงานที่มีวัตถุประสงค์เพื่อสร้างความเข้มแข็งเศรษฐกิจฐานราก,การสร้างงาน สร้างอาชีพ,อบรมนวดไทยเพื่อสุขภาพ 150 ชม. เพื่อฟื้นฟูภายหลังการระบาดโรคติดเชื้อไวรัสโคโรนา 2019 (Covid-19),1485200.0,สนง.สาธารณสุข จ.อุดรธานี,accepted,522253
3.2,1. แผนงานที่มีวัตถุประสงค์เพื่อสร้างความเข้มแข็งเศรษฐกิจฐานราก,การสร้างงาน สร้างอาชีพ,ฝึกอบรมการทำกระเป๋าไม้ไผ่กลุ่มพัฒนาอาชีพฝีมือ บ้านหินสอ หมู่ที่ 6 ตำบลปลาบ่า อำเภอภูเรือ จังหวัดเลย,141700.0,สำนักงานพัฒนาชุมชนจังหวัดเลย/สำนักงานพัฒนาชุมชนอำเภอภูเรือ,accepted,522254
3.2,1. แผนงานที่มีวัตถุประสงค์เพื่อสร้างความเข้มแข็งเศรษฐกิจฐานราก,การสร้างงาน สร้างอาชีพ,ฝึกอบรมการทำน้ำเต้าเงินน้ำเต้าทองบ้านไฮตาก หมู่ที่ 2 ตำบลลาดค่าง อำเภอภูเรือ จังหวัดเลย,143800.0,สำนักงานพัฒนาชุมชนจังหวัดเลย/สำนักงานพัฒนาชุมชนอำเภอภูเรือ,accepted,522255
3.2,1. แผนงานที่มีวัตถุประสงค์เพื่อสร้างความเข้มแข็งเศรษฐกิจฐานราก,การสร้างงาน สร้างอาชีพ,พัฒนาทักษะเพื่อเพิ่มสมรรถนะแรงงาน,4485000.0,สำนักงานพัฒนาฝีมือแรงงานเลย,accepted,522256
3.2,1. แผนงานที่มีวัตถุประสงค์เพื่อสร้างความเข้มแข็งเศรษฐกิจฐานราก,การสร้างงาน สร้างอาชีพ,พัฒนาและยกระดับคุณภาพชีวิตด้านการศึกษา สาธารณสุข และสังคม,1070000.0,สำนักงานสาธารณสุขจังหวัดหนองคาย,accepted,522257
3.2,1. แผนงานที่มีวัตถุประสงค์เพื่อสร้างความเข้มแข็งเศรษฐกิจฐานราก,การสร้างงาน สร้างอาชีพ,ยกระดับมาตรฐานผ้าย้อมคราม,10000000.0,1. มหาวิทยาลัยราชภัฏสกลนคร 2. วิทยาลัยสารพัดช่างจังหวัดสกลนคร 3. มหาวิทยาลัยเทคโนโลยีราชมงคลอีสาน วิทยาเขตสกลนคร 4. ศูนย์หม่อนไหมสกลนคร,accepted,522258
3.2,1. แผนงานที่มีวัตถุประสงค์เพื่อสร้างความเข้มแข็งเศรษฐกิจฐานราก,การสร้างงาน สร้างอาชีพ,เสริมพลังผู้สูงอายุเพื่อการพัฒนาที่ยั่งยืน,3000000.0,สำนักงานพัฒนาสังคมและความมั่นคงของมนุษย์จังหวัดนครพนม,accepted,522259
3.2,1. แผนงานที่มีวัตถุประสงค์เพื่อสร้างความเข้มแข็งเศรษฐกิจฐานราก,การสร้างงาน สร้างอาชีพ,เพิ่มทักษะด้านอาชีพแก่นักเรียนครอบครัวยากจนที่ไม่ได้เรียนต่อหลังจากจบการศึกษาภาคบังคับ,2955000.0,พัฒนาฝีมือแรงงานกาฬสินธุ์,accepted,522260
3.2,1. แผนงานที่มีวัตถุประสงค์เพื่อสร้างความเข้มแข็งเศรษฐกิจฐานราก,การสร้างงาน สร้างอาชีพ,ส่งเสริมการทอผ้าซาโอริ,242300.0,สำนักงานพัฒนาสังคมและความมั่นคงของมนุษย์จังหวัดกาฬสินธุ์,accepted,522261
3.2,1. แผนงานที่มีวัตถุประสงค์เพื่อสร้างความเข้มแข็งเศรษฐกิจฐานราก,การสร้างงาน สร้างอาชีพ,สร้างอาชีพรายได้และพัฒนามาตรฐานบริการแพทย์แผนไทยในสถานบริการสาธารณสุข จังหวัดกาฬสินธุ์ ปี 2564,1000000.0,สสจ จังหวัดกาฬสินธุ์,considering,522262
3.2,1. แผนงานที่มีวัตถุประสงค์เพื่อสร้างความเข้มแข็งเศรษฐกิจฐานราก,การสร้างงาน สร้างอาชีพ,พัฒนาคุณภาพชีวิตและสร้างรายได้ผู้สูงอายุด้วยการแพทย์แผนไทยและสมุนไพรจังหวัดกาฬสินธุ์ ปี 2564,4464000.0,สสจ จังหวัดกาฬสินธุ์,accepted,522263
3.2,1. แผนงานที่มีวัตถุประสงค์เพื่อสร้างความเข้มแข็งเศรษฐกิจฐานราก,การสร้างงาน สร้างอาชีพ,ส่งเสริมอาชีพผู้พิการทางสายตา,4464000.0,พมจ. กาฬสินธุ์,accepted,522264
3.2,1. แผนงานที่มีวัตถุประสงค์เพื่อสร้างความเข้มแข็งเศรษฐกิจฐานราก,การสร้างงาน สร้างอาชีพ,ส่งเสริมและพัฒนาศักยภาพแรงงานนอกระบบ แรงงานสูงอายุ เพื่อฟื้นฟูเยียวยาผู้ได้รับผลกระทบจากโควิด - 19 ให้มีรายได้ที่มั่นคงและคุณภาพชีวิตที่ดี,1200000.0,สำนักงานแรงงานจังหวัดมหาสารคาม,accepted,522265
3.2,1. แผนงานที่มีวัตถุประสงค์เพื่อสร้างความเข้มแข็งเศรษฐกิจฐานราก,การสร้างงาน สร้างอาชีพ,พัฒนาทักษะฝีมือแรงงานรองรับความต้องการของตลาดแรงงานในอนาคต,854600.0,สำนักงานพัฒนาฝีมือแรงงานมหาสารคาม,accepted,522266
3.2,1. แผนงานที่มีวัตถุประสงค์เพื่อสร้างความเข้มแข็งเศรษฐกิจฐานราก,การสร้างงาน สร้างอาชีพ,ส่งเสริมอาชีพ มั่นคั่ง มั่นคง ยั่งยืน ชุมชนครอบครัวคนพิการจังหวัดร้อยเอ็ด,1358000.0,ศูนย์การศึกษาพิเศษประจำจังหวัดร้อยเอ็ด,accepted,522267
3.2,1. แผนงานที่มีวัตถุประสงค์เพื่อสร้างความเข้มแข็งเศรษฐกิจฐานราก,การสร้างงาน สร้างอาชีพ,ส่งเสริมกลุ่มยุวเกษตรกรสร้างแหล่งอาหารเพื่อความมั่นคงทางด้านอาหารในครัวเรือนและชุมชน,2250000.0,สำนักงานเกษตรจังหวัดนครราชสีมา,accepted,522268
3.2,1. แผนงานที่มีวัตถุประสงค์เพื่อสร้างความเข้มแข็งเศรษฐกิจฐานราก,การสร้างงาน สร้างอาชีพ,ส่งเสริมและพัฒนาทักษะฝีมือแรงงาน,4291600.0,สำนักงานจัดหางานอุบลราชธานี สถาบันพัฒนาฝีมือแรงงานภาค 7,accepted,522269
3.2,1. แผนงานที่มีวัตถุประสงค์เพื่อสร้างความเข้มแข็งเศรษฐกิจฐานราก,การสร้างงาน สร้างอาชีพ,โครงการพัฒนาป่าไม้ สร้างงาน สร้างรายได้ เพื่อกระตุ้นเศรษฐกิจชุมชน,1014570000.0,กรมป่าไม้ กระทรวงทรัพยากรธรรมชาติและสิ่งแวดล้อม,revision,522270
3.2,1. แผนงานที่มีวัตถุประสงค์เพื่อสร้างความเข้มแข็งเศรษฐกิจฐานราก,การสร้างงาน สร้างอาชีพ,โครงการเฝ้าระวังสร้างแนวกันไฟสร้างรายได้ชุมชน,246699000.0,กรมอุทยานแห่งชาติ สัตว์ป่า และพันธุ์พืช กระทรวงทรัพยากรธรรมชาติและสิ่งแวดล้อม,revision,522271
3.1,1. แผนงานที่มีวัตถุประสงค์เพื่อสร้างความเข้มแข็งเศรษฐกิจฐานราก,โครงการตามความต้องการของชุมชน (กองทุนหมู่บ้าน),1.โครงการยกระดับเศรษฐกิจชุมชนด้วยการสร้างงาน สร้างอาชีพและสร้างรายได้ เพื่อบรรเทาผลกระทบทางเศรษฐกิจจากการระบาดของโรคติดเชื้อไวรัสโคโรนา 2019,15920800000.0,สำนักงานกองทุนหมู่บ้านและชุมชนเมืองแห่งชาติ,considering,522272
3.2,1. แผนงานที่มีวัตถุประสงค์เพื่อสร้างความเข้มแข็งเศรษฐกิจฐานราก,โครงการยกระดับเศรษฐกิจและสังคมรายตำบล,โครงการยกระดับเศรษฐกิจและสังคมรายตำบลแบบบูรณาการ (1 ตำบล 1 มหาวิทยาลัย),13500000000.0,สำนักงานปลัดกระทรวงการอุดมศึกษา วิทยาศาสตร์และนวัตกรรม กระทรวงการอุดมศึกษา วิทยาศาสตร์ วิจัยและนวัตกรรม,considering,522273
3.2,1. แผนงานที่มีวัตถุประสงค์เพื่อสร้างความเข้มแข็งเศรษฐกิจฐานราก,โครงการยกระดับเศรษฐกิจและสังคมรายตำบล,ก่อสร้างสถานีสูบน้ำด้วยไฟฟ้าพร้อมระบบส่งน้ำคูเมืองศรีมโหสถ,26600000.0,โครงการส่งน้ำและบำรุงรักษาบางพลวง จังหวัดปราจีนบถรี,accepted,522274
3.2,1. แผนงานที่มีวัตถุประสงค์เพื่อสร้างความเข้มแข็งเศรษฐกิจฐานราก,โครงการยกระดับเศรษฐกิจและสังคมรายตำบล,โครงการพัฒนาศักยภาพการผลิต การแปรรูป และการตลาด ของเกษตรกร องค์กรเกษตรกร วิสาหกิจชุมชน และเครือข่ายท่องเที่ยวเชิงเกษตร รองรับผลกระทบจากโรคระบาดโควิด-19 จังหวัดนครศรีธรรมราช/ 1.1 กิจกรรมพัฒนาศักยภาพการผลิตและการตลาดไม้ผล เพิ่มมูลค่า เพิ่มรายได้ รองรับผลกระทบจากโรคระบาด โควิด-19 จังหวัดนครศรีธรรมราช/ 1.2 กิจกรรมพัฒนาศักยภาพการผลิตและส่งเสริมการตลาดแก่องค์กรเกษตรกร วิสาหกิจชุมชนและเครือข่าย จังหวัดนครศรีธรรมราช,18050000.0,สำนักงานเกษตรจังหวัดนครศรีธรรมราช,accepted,522275
3.2,1. แผนงานที่มีวัตถุประสงค์เพื่อสร้างความเข้มแข็งเศรษฐกิจฐานราก,โครงการยกระดับเศรษฐกิจและสังคมรายตำบล,โครงการเพิ่มประสิทธิภาพการผลิตกาแฟโรบัสต้า พืชอัตลักษณ์ประจำถิ่นอำเภอสะบ้าย้อย,2438500.0,สำนักงานเกษตรจังหวัดสงขลา,accepted,522276
3.2,1. แผนงานที่มีวัตถุประสงค์เพื่อสร้างความเข้มแข็งเศรษฐกิจฐานราก,โครงการยกระดับเศรษฐกิจและสังคมรายตำบล,โครงการพัฒนาอาชีพเสริมสร้างรายได้เกษตรกร องค์กรเกษตรกรอำเภอคลองหอยโข่ง,1432319.0,สำนักงานเกษตรจังหวัดสงขลา,accepted,522277
3.2,1. แผนงานที่มีวัตถุประสงค์เพื่อสร้างความเข้มแข็งเศรษฐกิจฐานราก,โครงการยกระดับเศรษฐกิจและสังคมรายตำบล,โครงการเมนูอาหารพื้นบ้านจากชุมชนสู่ภัตตาคาร “ของหรอยเมืองกระบี่”,2150000.0,สำนักงานประมงจังหวัดกระบี่,accepted,522278
3.2,1. แผนงานที่มีวัตถุประสงค์เพื่อสร้างความเข้มแข็งเศรษฐกิจฐานราก,โครงการยกระดับเศรษฐกิจและสังคมรายตำบล,โครงการส่งเสริมและเพิ่มประสิทธิภาพการผลิตข้าวไร่พันธุ์ดอกข่า 50 สินค้า GI จังหวัดพังงา สร้างคลังอาหารในชุมชน,2232700.0,สำนักงานเกษตรจังหวัดพังงา,accepted,522279
3.2,1. แผนงานที่มีวัตถุประสงค์เพื่อสร้างความเข้มแข็งเศรษฐกิจฐานราก,โครงการยกระดับเศรษฐกิจและสังคมรายตำบล,โครงการพัฒนาศักยภาพเพิ่มมูลค่าและพัฒนาบรรจุภัณฑ์ไม้ผลอัตลักษณ์ (ทุเรียนสาลิกา มังคุดทิพย์พังงา),1680000.0,สำนักงานเกษตรจังหวัดพังงา,accepted,522280
3.2,1. แผนงานที่มีวัตถุประสงค์เพื่อสร้างความเข้มแข็งเศรษฐกิจฐานราก,โครงการยกระดับเศรษฐกิจและสังคมรายตำบล,โครงการหมู่บ้านเกษตรสมบูรณ์เพิ่มพูนสุขภาพ,2455200.0,สำนักงานเกษตรจังหวัดพังงา,accepted,522281
3.2,1. แผนงานที่มีวัตถุประสงค์เพื่อสร้างความเข้มแข็งเศรษฐกิจฐานราก,โครงการยกระดับเศรษฐกิจและสังคมรายตำบล,โครงการส่งเสริมและพัฒนาศักยภาพการท่องเที่ยวโดยชุมชนจังหวัดพังงา,1680100.0,สำนักงานการท่องเที่ยวและกีฬาจังหวัดพังงา,accepted,522282
3.2,1. แผนงานที่มีวัตถุประสงค์เพื่อสร้างความเข้มแข็งเศรษฐกิจฐานราก,โครงการยกระดับเศรษฐกิจและสังคมรายตำบล,พัฒนาผ้าทอละว้า บ้านตุน หมู่ที่ 4 ตำบลห้วยห้อม อำเภอแม่ลาน้อย จังหวัดแม่ฮ่องสอน,531800.0,สำนักงานพัฒนาชุมชนจังหวัดแม่ฮ่องสอน,accepted,522283
3.2,1. แผนงานที่มีวัตถุประสงค์เพื่อสร้างความเข้มแข็งเศรษฐกิจฐานราก,โครงการยกระดับเศรษฐกิจและสังคมรายตำบล,พัฒนาคุณภาพผลิตภัณฑ์ชุมชนของโรงเรียนผู้สูงอายุสู่ OTOP และการส่งเสริมการตลาดผ่านช่องทางออนไลน์ของสภาเด็กและเยาวชนกาฬสินธุ์ (Start Up Aged and Teens Kalasin),5000000.0,สำนักงานพัฒนาสังคมและความมั่นคงของมนุษย์จังหวัดกาฬสินธุ์,accepted,522284
3.1,1. แผนงานที่มีวัตถุประสงค์เพื่อสร้างความเข้มแข็งเศรษฐกิจฐานราก,อุตสาหกรรมเศรษฐกิจฐานราก,การแปลงเครื่องจักรเป็นทุนโดยการบำรุงรักษาเครื่องจักรสำหรับโรงงานอุตสาหกรรมที่ได้รับผลกระทบจากสถานการณ์การระบาดของไวรัสโคโรนา 2019,80000000.0,กรมโรงงานอุตสาหกรรม กระทรวงอุตสาหกรรม,considering,522285
3.1,1. แผนงานที่มีวัตถุประสงค์เพื่อสร้างความเข้มแข็งเศรษฐกิจฐานราก,อุตสาหกรรมเศรษฐกิจฐานราก,การสร้างผู้ประกอบการที่ขับเคลื่อนด้วยนวัตกรรม - Innovation Driven Enterprise (IDE) จาก SMEs กระทรวงอุดมศึกษา วิทยาศาสตร์ วิจัยและนวัตกรรม,1660000000.0,สำนักงานปลัดกระทรวงอุตสาหกรรม กระทรวงอุตสาหกรรม,considering,522286
3.1,1. แผนงานที่มีวัตถุประสงค์เพื่อสร้างความเข้มแข็งเศรษฐกิจฐานราก,อุตสาหกรรมเศรษฐกิจฐานราก,โครงการพัฒนา Ecosystem เพื่อ Digital Transformation ของ SME ไทย,100000000.0,สำนักงานส่งเสริมวิสาหกิจขนาดกลางและขนาดย่อม สำนักนายกรัฐมนตรี,considering,522287
3.2,1. แผนงานที่มีวัตถุประสงค์เพื่อสร้างความเข้มแข็งเศรษฐกิจฐานราก,โลจิสติกส์ และ Digital Platform เพื่อเชื่อมโยงชุมชนกับตลาด,โครงการสร้างอาชีพประมงแนวใหม่ด้วยนวัตกรรมการเพาะเลี้ยงสัตว์น้าและการแปรรูปผลิตภัณฑ์อาหารทะเล,12888000.0,มหาวิทยาลัยราชมงคล วิทยาเขตตรัง,accepted,522288
3.2,1. แผนงานที่มีวัตถุประสงค์เพื่อสร้างความเข้มแข็งเศรษฐกิจฐานราก,โลจิสติกส์ และ Digital Platform เพื่อเชื่อมโยงชุมชนกับตลาด,โครงการบริหารจัดการการผลิตและการตลาดผลไม้เศรษฐกิจสำคัญในพื้นที่ด้วยเครือข่ายสหกรณ์,7310000.0,สำนักงานสหกรณ์จังหวัดนราธิวาส,accepted,522289
3.2,1. แผนงานที่มีวัตถุประสงค์เพื่อสร้างความเข้มแข็งเศรษฐกิจฐานราก,โลจิสติกส์ และ Digital Platform เพื่อเชื่อมโยงชุมชนกับตลาด,โคเนื้อทุเรียนวากิวปากน้ำโพ paknampho durian wagyu,2000000.0,สนง.ปศุสัตว์จังหวัดนครสวรรค์,accepted,522290
3.2,1. แผนงานที่มีวัตถุประสงค์เพื่อสร้างความเข้มแข็งเศรษฐกิจฐานราก,โลจิสติกส์ และ Digital Platform เพื่อเชื่อมโยงชุมชนกับตลาด,การพัฒนาผลิตภัณฑ์และส่งเสริมการขายในรูปแบบตลาดออนไลน์ ของวิสาหกิจชุมชนกลุ่มแปรรูปปลาบ้านท่าดินแดง จังหวัดนครสวรรค์,1637000.0,มหาวิทยาลัยราชภัฏนครสวรรค์,accepted,522291
3.1,2. แผนงานสร้างความเจริญเติบโตอย่างยั่งยืน,เกษตรแปลงใหญ่ และเกษตรสมัยใหม่,โครงการพัฒนาธุรกิจบริการดินและปุ๋ยเพื่อชุมชน (One Stop Service),169890000.0,กรมส่งเสริมการเกษตร กระทรวงเกษตรและสหกรณ์,revision,522292
3.1,2. แผนงานสร้างความเจริญเติบโตอย่างยั่งยืน,เกษตรแปลงใหญ่ และเกษตรสมัยใหม่,โครงการยกระดับแปลงใหญ่ด้วยเกษตรสมัยใหม่และเชื่อมโยงตลาด,13904500000.0,กรมส่งเสริมการเกษตร กระทรวงเกษตรและสหกรณ์,considering,522293
3.1,2. แผนงานสร้างความเจริญเติบโตอย่างยั่งยืน,เกษตรแปลงใหญ่ และเกษตรสมัยใหม่,โครงการสร้างความเข้มแข็งศูนย์ข้าวชุมชน,900000000.0,กรมการข้าว กระทรวงเกษตรและสหกรณ์,considering,522294
3.1,2. แผนงานสร้างความเจริญเติบโตอย่างยั่งยืน,เกษตรแปลงใหญ่ และเกษตรสมัยใหม่,โครงการผลิตพืชพันธุ์ดีสนับสนุนให้กับเกษตรกรและแรงงานคืนถิ่น,690801000.0,กรมส่งเสริมการเกษตร กระทรวงเกษตรและสหกรณ์,considering,522295
3.1,2. แผนงานสร้างความเจริญเติบโตอย่างยั่งยืน,เกษตรแปลงใหญ่ และเกษตรสมัยใหม่,โครงการการยกระดับเศรษฐกิจฐานรากด้วยการพัฒนานวัตกรรมการผลิตสินค้าเกษตรสู่ตลาดอย่างยั่งยืน ในพื้นที่ภาคตะวันออกเฉียงเหนือ,85000000.0,สำนักงานพัฒนาวิทยาศาสตร์และเทคโนโลยีแห่งชาติ กระทรวงการอุดมศึกษา วิทยาศาสตร์ วิจัยและนวัตกรรม,considering,522296
3.1,2. แผนงานสร้างความเจริญเติบโตอย่างยั่งยืน,เกษตรแปลงใหญ่ และเกษตรสมัยใหม่,โครงการยกระดับเศรษฐกิจฐานรากด้วยเทคโนโลยี smart farm ผู้ปลูกไม้ผลในพื้นที่ภาคตะวันออก,30000000.0,สำนักงานพัฒนาวิทยาศาสตร์และเทคโนโลยีแห่งชาติ กระทรวงการอุดมศึกษา วิทยาศาสตร์ วิจัยและนวัตกรรม,considering,522297
3.2,2. แผนงานสร้างความเจริญเติบโตอย่างยั่งยืน,เกษตรแปลงใหญ่ และเกษตรสมัยใหม่,พัฒนาศักยภาพและเพิ่มมูลค่าการผลิตเมล่อน,189960.0,สำนักงานเกษตรจังหวัดชัยนาท,accepted,522298
3.2,2. แผนงานสร้างความเจริญเติบโตอย่างยั่งยืน,เกษตรแปลงใหญ่ และเกษตรสมัยใหม่,เพิ่มศักยภาพการผลิตข้าวปลอดภัยแบบครบวงจร และการลดต้นทุนการผลิตข้าว,1265175.0,สำนักงานเกษตรจังหวัดนนทบุรี,accepted,522299
3.2,2. แผนงานสร้างความเจริญเติบโตอย่างยั่งยืน,เกษตรแปลงใหญ่ และเกษตรสมัยใหม่,ฟื้นฟูและอนุรักษ์สวนทุเรียนนนทบุรีอย่างยั่งยืน,370700.0,สำนักงานเกษตรจังหวัดนนทบุรี,accepted,522300
3.2,2. แผนงานสร้างความเจริญเติบโตอย่างยั่งยืน,เกษตรแปลงใหญ่ และเกษตรสมัยใหม่,ยกระดับการผลิตผักปลอดภัยและได้มาตรฐาน,1300000.0,สนง.เกษตรจังหวัดเพชรบุรี,accepted,522301
3.2,2. แผนงานสร้างความเจริญเติบโตอย่างยั่งยืน,เกษตรแปลงใหญ่ และเกษตรสมัยใหม่,ส่งเสริมการปลูกผักต้นอ่อนปลอดสารพิษ พร้อมการแปรรูปและการตลาดแบบครบวงจร เพื่อฟื้นฟูอาชีพหลังจากได้รับผลกระทบจากการแพร่ระบาดของโรคติดเชื้อไวรัสโคโรนา 2019 (COVID-19),5860000.0,สนง.เกษตรจังหวัดสมุทรสาคร,accepted,522302
3.2,2. แผนงานสร้างความเจริญเติบโตอย่างยั่งยืน,เกษตรแปลงใหญ่ และเกษตรสมัยใหม่,แปลงใหญ่กระบือชลบุรีครบวงจร,5000000.0,คณะเกษตรศาสตร์และทรัพยากรธรรมชาติ / สำนักงานเกษตรและสหกรณ์จังหวัดชลบุรี,accepted,522303
3.2,2. แผนงานสร้างความเจริญเติบโตอย่างยั่งยืน,เกษตรแปลงใหญ่ และเกษตรสมัยใหม่,โครงการส่งเสริมและพัฒนาการผลิตสินค้าเกษตรปลอดภัยเข้าสู่ระบบเกษตรอินทรีย์เพื่อสร้างรายได้แก่เกษตรกร,6471295.0,สำนักงานเกษตรและสหกรณ์จังหวัดตรัง,accepted,522304
3.2,2. แผนงานสร้างความเจริญเติบโตอย่างยั่งยืน,เกษตรแปลงใหญ่ และเกษตรสมัยใหม่,โครงการเพิ่มประสิทธิภาพการผลิตข้าวปลอดภัย,12944000.0,สำนักงานเกษตรจังหวัดนราธิวาส,accepted,522305
3.2,2. แผนงานสร้างความเจริญเติบโตอย่างยั่งยืน,เกษตรแปลงใหญ่ และเกษตรสมัยใหม่,โครงการฟื้นฟูทรัพยากรสัตว์น้ำเพื่อเสริมสร้างความมั่นคงทางด้านอาหาร,26354700.0,สำนักงานประมงจังหวัดนราธิวาส,accepted,522306
3.2,2. แผนงานสร้างความเจริญเติบโตอย่างยั่งยืน,เกษตรแปลงใหญ่ และเกษตรสมัยใหม่,โครงการฟื้นฟูเศรษฐกิจพัฒนาคุณภาพชีวิตด้วยการผลิตด้านการเกษตรจังหวัดปัตตานี,56264000.0,สำนักงานเกษตรจังหวัดปัตตานี,accepted,522307
3.2,2. แผนงานสร้างความเจริญเติบโตอย่างยั่งยืน,เกษตรแปลงใหญ่ และเกษตรสมัยใหม่,พัฒนายกระดับการผลิตสินค้าเกษตรด้วยเทคโนโลยีและนวัตกรรมของเกษตรกรปราดเปรื่อง (Young Smart Farmer & Smart Farmer),3150000.0,สำนักงานเกษตรจังหวัดพิจิตร,accepted,522308
3.2,2. แผนงานสร้างความเจริญเติบโตอย่างยั่งยืน,เกษตรแปลงใหญ่ และเกษตรสมัยใหม่,โครงการปลูกข้าวโพดหวานร่วมภาครัฐ-เอกชน,25084600.0,สนง.เกษตรจังหวัดฯ/สนง.พลังงานจังหวัดฯ  จังหวัดหนองบัวลำภู,accepted,522309
3.2,2. แผนงานสร้างความเจริญเติบโตอย่างยั่งยืน,เกษตรแปลงใหญ่ และเกษตรสมัยใหม่,เพิ่มประสิทธิภาพการผลิตและการตลาดแพะเนื้อ,1904100.0,สำนักงานปศุสัตว์จังหวัดเลย,accepted,522310
3.2,2. แผนงานสร้างความเจริญเติบโตอย่างยั่งยืน,เกษตรแปลงใหญ่ และเกษตรสมัยใหม่,พัฒนาเสริมทางเลือกอาชีพด้านประมงการเลี้ยงปลานิลในบ่อดิน,900000.0,สำนักงานประมงจังหวัดเลย,accepted,522311
3.2,2. แผนงานสร้างความเจริญเติบโตอย่างยั่งยืน,เกษตรแปลงใหญ่ และเกษตรสมัยใหม่,ส่งเสริมการเลี้ยงไก่ไข่,1957400.0,สำนักงานปศุสัตว์จังหวัดเลย,accepted,522312
3.2,2. แผนงานสร้างความเจริญเติบโตอย่างยั่งยืน,เกษตรแปลงใหญ่ และเกษตรสมัยใหม่,เพิ่มประสิทธิภาพการผลิตและการตลาดเกษตรกรผู้เลี้ยงกระบือ,1060500.0,สำนักงานปศุสัตว์จังหวัดเลย,accepted,522313
3.2,2. แผนงานสร้างความเจริญเติบโตอย่างยั่งยืน,เกษตรแปลงใหญ่ และเกษตรสมัยใหม่,พัฒนาหัตถอุตสาหกรรมฝ้ายจังหวัดเลย (Cotton Valley Creation),16500000.0,สำนักงานอุตสาหกรรมจังหวัดเลย,accepted,522314
3.2,2. แผนงานสร้างความเจริญเติบโตอย่างยั่งยืน,เกษตรแปลงใหญ่ และเกษตรสมัยใหม่,ส่งเสริมและฟื้นฟูการปลูกหม่อนเลี้ยงไหมจังหวัดอุดรธานี,7000000.0,ศูนย์หม่อนไหมเฉลิมพระเกียรติฯอุดรธานี,accepted,522315
3.2,2. แผนงานสร้างความเจริญเติบโตอย่างยั่งยืน,เกษตรแปลงใหญ่ และเกษตรสมัยใหม่,เพิ่มประสิทธิภาพการผลิตโคเนื้อเพื่อจำหน่าย,978000.0,สำนักงานปศุสัตว์จังหวัดเลย,accepted,522316
3.2,2. แผนงานสร้างความเจริญเติบโตอย่างยั่งยืน,เกษตรแปลงใหญ่ และเกษตรสมัยใหม่,การผลิตอาหารโคเนื้อ TMR สำหรับโคขุนและโคขุนคุณภาพ,1847000.0,สนง.ปศุสัตว์จังหวัดมุกดาหาร,accepted,522317
3.2,2. แผนงานสร้างความเจริญเติบโตอย่างยั่งยืน,เกษตรแปลงใหญ่ และเกษตรสมัยใหม่,ส่งเสริมการเลี้ยงไก่พื้นเมืองเชิงพาณิชย์สู้ภัยโควิด,3468400.0,สนง.ปศุสัตว์จังหวัดมุกดาหาร,accepted,522318
3.2,2. แผนงานสร้างความเจริญเติบโตอย่างยั่งยืน,เกษตรแปลงใหญ่ และเกษตรสมัยใหม่,กินก็ได้ขายก็ดีเลี้ยงปลาดุกยุค โควิด - 19,128800.0,สำนักงานพัฒนาสังคมและความมั่นคงของมนุษย์จังหวัดกาฬสินธุ์,accepted,522319
3.2,2. แผนงานสร้างความเจริญเติบโตอย่างยั่งยืน,เกษตรแปลงใหญ่ และเกษตรสมัยใหม่,สร้างอาชีพการแปรรูปผลิตภัณฑ์ปศุสัตว์ให้กับผู้ได้รับผลกระทบทางเศรษฐกิจอันเนื่องมาจากการระบาดของโรคโควิด-19,3967000.0,ศูนย์วิจัยและพัฒนาผลิตภัณฑ์ปศุสัตว์มหาสารคาม,accepted,522320
3.2,2. แผนงานสร้างความเจริญเติบโตอย่างยั่งยืน,เกษตรแปลงใหญ่ และเกษตรสมัยใหม่,ส่งเสริมกลุ่มเกษตรกรในการเพิ่มประสิทธิภาพการผลิตและพัฒนาการตลาดสินค้าเกษตร,2151605.0,สำนักงานเกษตรและสหกรณ์จังหวัดยโสธร,accepted,522321
3.2,2. แผนงานสร้างความเจริญเติบโตอย่างยั่งยืน,เกษตรแปลงใหญ่ และเกษตรสมัยใหม่,เพิ่มประสิทธิภาพการผลิตและบริหารจัดการคุณภาพทุเรียนศรีสะเกษให้ยั่งยืน,2710000.0,สำนักงานเกษตรและสหกรณ์จังหวัดศรีสะเกษ,accepted,522322
3.2,2. แผนงานสร้างความเจริญเติบโตอย่างยั่งยืน,เกษตรแปลงใหญ่ และเกษตรสมัยใหม่,พัฒนาศักยภาพชุมชนผลิตกาแฟโรบัสตาครบวงจร,3000000.0,ศูนย์วิจัยพืชสวนศรีสะเกษ,accepted,522323
3.1,2. แผนงานสร้างความเจริญเติบโตอย่างยั่งยืน,เศรษฐกิจชีวภาพ/BCG,โครงการขับเคลื่อน Agro Innopolis ในพื้นที่ภาคกลางเพื่อส่งเสริมการวิจัยพัฒนาและสร้างนวัตกรรม ให้ผลิตภัณฑ์สินค้าเกษตรและอาหารมูลค่าสูง”,95000000.0,สำนักงานพัฒนาวิทยาศาสตร์และเทคโนโลยีแห่งชาติ กระทรวงการอุดมศึกษา วิทยาศาสตร์ วิจัยและนวัตกรรม,considering,522324
3.1,2. แผนงานสร้างความเจริญเติบโตอย่างยั่งยืน,เศรษฐกิจชีวภาพ/BCG,โครงการยกระดับเศรษฐกิจในพื้นที่ระเบียงเศรษฐกิจพิเศษภาคกลางตะวันตกด้วย BCG โมเดล,130000000.0,สถาบันวิจัยวิทยาศาสตร์และเทคโนโลยีแห่งประเทศไทย กระทรวงการอุดมศึกษา วิทยาศาสตร์ วิจัยและนวัตกรรม,considering,522325
3.1,2. แผนงานสร้างความเจริญเติบโตอย่างยั่งยืน,เศรษฐกิจชีวภาพ/BCG,จัดตั้งศูนย์ถ่ายทอดนวัตกรรมการผลิตก๊าซชีวภาพจากมูลโคนม สุกร ของเหลือทิ้งทางการเกษตร และขยะจากครัวเรือนเพื่อเป็นพลังงานในครัวเรือนและชุมชนเพื่อการพัฒนาภาคตะวันออกเฉียงเหนืออย่างยั่งยืน (Circular Economy),200000000.0,มหาวิทยาลัยเทคโนโลยีสุรนารี กระทรวงการอุดมศึกษา วิทยาศาสตร์ วิจัยและนวัตกรรม,considering,522326
3.1,2. แผนงานสร้างความเจริญเติบโตอย่างยั่งยืน,เศรษฐกิจชีวภาพ/BCG,พัฒนาการผลิตและใช้โปรตีนจากแมลงเพื่อเป็นแหล่งวัตถุดิบใน อุตสาหกรรมการผลิตอาหารสัตว์,9270000.0,สำนักงานปลัดกระทรวงการอุดมศึกษา วิทยาศาสตร์และนวัตกรรม กระทรวงการอุดมศึกษา วิทยาศาสตร์ วิจัยและนวัตกรรม,considering,522327
3.1,2. แผนงานสร้างความเจริญเติบโตอย่างยั่งยืน,เศรษฐกิจชีวภาพ/BCG,Biorefinery ชุมชนเพื่อนำไปสู่การพัฒนาผลิตภัณฑ์ชุมชนมูลค่าสูงและส่งเสริมการคืนถิ่นของผู้ได้รับผลกระทบจากโควิด-19,200000000.0,มหาวิทยาลัยเทคโนโลยีสุรนารี กระทรวงการอุดมศึกษา วิทยาศาสตร์ วิจัยและนวัตกรรม,considering,522328
3.1,2. แผนงานสร้างความเจริญเติบโตอย่างยั่งยืน,เศรษฐกิจชีวภาพ/BCG,ศูนย์นวัตกรรมการผลิตหัวเชื้อจุลินทรีย์เพื่ออุตสาหกรรมการเกษตร อาหารและการแพทย์,1264380000.0,สถาบันวิจัยวิทยาศาสตร์และเทคโนโลยีแห่งประเทศไทย กระทรวงการอุดมศึกษา วิทยาศาสตร์ วิจัยและนวัตกรรม,considering,522329
3.2,2. แผนงานสร้างความเจริญเติบโตอย่างยั่งยืน,เศรษฐกิจชีวภาพ/BCG,โครงการส่งเสริมการแปรูปอาหารทะเลและสินค้าเกษตรจังหวัดพังงา,14500000.0,สำนักงานพัฒนาชุมชนจังหวัดพังงา,accepted,522330
3.2,2. แผนงานสร้างความเจริญเติบโตอย่างยั่งยืน,เศรษฐกิจชีวภาพ/BCG,โครงการแปรรูปกล้วยแปรรูปจากพลังงานแสงอาทิตย์ เพื่อสร้างรายได้สู่ชมชน,1000000.0,สำนักงานการศึกษานอกโรงเรียนจังหวัดพังงา,accepted,522331
3.2,2. แผนงานสร้างความเจริญเติบโตอย่างยั่งยืน,เศรษฐกิจชีวภาพ/BCG,โครงการส่งเสริมการรวมกลุ่มเพื่อการผลิตปุ๋ยอินทรีย์,2496500.0,สำนักงานเกษตรจังหวัดนราธิวาส,accepted,522332
3.2,2. แผนงานสร้างความเจริญเติบโตอย่างยั่งยืน,เศรษฐกิจชีวภาพ/BCG,โครงการขยายผลการดำเนินงานเกษตรกรรมยั่งยืน,8858800.0,"สำนักงานเกษตรและสหกรณ์จังหวัดลำพูน สำนักงานเกษตรจังหวัดลำพูน , สำนักงานปศุสัตว์จังหวัดลำพูน , สถานีพัฒนาที่ดินลำพูน",accepted,522333
3.2,2. แผนงานสร้างความเจริญเติบโตอย่างยั่งยืน,เศรษฐกิจชีวภาพ/BCG,โครงการส่งเสริมและพัฒนาเกษตรปลอดภัย เกษตรอินทรีย์แบบครบวงจรจังหวัดลำปาง,15082600.0,สำนักงานเกษตรและสหกรณ์จังหวัดลำปาง/สถานีพัฒนาที่ดินลำปาง/สำนักงานเกษตรจังหวัดลำปาง/สำนักงานประมงจังหวัดลำปาง/สำนักงานปศุสัตว์จังหวัดลำปาง/ศูนย์วิจัยและพัฒนาการเกษตรลำปาง/ศูนย์เมล็ดพันธุ์ข้าวลำปาง,accepted,522334
3.2,2. แผนงานสร้างความเจริญเติบโตอย่างยั่งยืน,เศรษฐกิจชีวภาพ/BCG,พัฒนาและส่งเสริมการเกษตรตามแนว “เกษตรอินทรีย์ วิถีอุทัย”,5454000.0,สำนักงานเกษตรและสหกรณ์จังหวัดอุทัยธานี,accepted,522335
3.1,2. แผนงานสร้างความเจริญเติบโตอย่างยั่งยืน,ท่องเที่ยวเน้นคุณภาพ,โครงการพื้นที่ท่องเที่ยวปลอดภัยสำหรับนักท่องเที่ยว (Safety Zone),15000000.0,กรมการท่องเที่ยว กระทรวงการท่องเที่ยวและกีฬา,revision,522336
3.1,2. แผนงานสร้างความเจริญเติบโตอย่างยั่งยืน,ท่องเที่ยวเน้นคุณภาพ,โครงการพื้นที่ต้นแบบสำหรับการท่องเที่ยวหลังวิกฤตโควิด-19 ของโลก,100000000.0,การท่องเที่ยวแห่งประเทศไทย (ททท.) กระทรวงการท่องเที่ยวและกีฬา,revision,522337
3.1,2. แผนงานสร้างความเจริญเติบโตอย่างยั่งยืน,ท่องเที่ยวเน้นคุณภาพ,โครงการพัฒนาศักยภาพแหล่งท่องเที่ยวเรียนรู้ด้านสัตว์ป่า,741590000.0,กรมอุทยานแห่งชาติ สัตว์ป่า และพันธุ์พืช กระทรวงทรัพยากรธรรมชาติและสิ่งแวดล้อม,revision,522338
3.2,2. แผนงานสร้างความเจริญเติบโตอย่างยั่งยืน,ท่องเที่ยวเน้นคุณภาพ,โครงการชุมชนท่องเที่ยวเชิงคุณภาพ เพื่อการพัฒนาที่ยั่งยืน,611010000.0,กรมการพัฒนาชุมชน กระทรวงมหาดไทย,rejected,522339
3.2,2. แผนงานสร้างความเจริญเติบโตอย่างยั่งยืน,ท่องเที่ยวเน้นคุณภาพ,เชฟชุมชนเพื่อยกระดับการท่องเที่ยวเชิงอาหารจังหวัดกาญจนบุรี,5000000.0,สำนักงานการท่องเที่ยวและกีฬาจังหวัดกาญจนบุรี ร่วมกับสมาพันธ์ SMEs ไทย จังหวัด กาญจนบุรี,accepted,522340
3.2,2. แผนงานสร้างความเจริญเติบโตอย่างยั่งยืน,ท่องเที่ยวเน้นคุณภาพ,โครงการพัฒนาการท่องเที่ยวเชิงสุขภาพ/จังหวัดสุราษฎร์ธานี,5000000.0,สำนักงานสาธารณสุขจังหวัดสุราษฎร์ธานี,accepted,522341
3.2,2. แผนงานสร้างความเจริญเติบโตอย่างยั่งยืน,ท่องเที่ยวเน้นคุณภาพ,โครงการพัฒนาศักยภาพบุคลากรการท่องเที่ยวและบริการกลุ่มธุรกิจโรงแรมเพื่อรองรับการท่องเที่ยวตามวิถีใหม่ (New Normal),20970000.0,สำนักงานพัฒนาฝีมือแรงงานกระบี่,accepted,522342
3.2,2. แผนงานสร้างความเจริญเติบโตอย่างยั่งยืน,ท่องเที่ยวเน้นคุณภาพ,"การฝึกอบรมราษฎร (ชาวเล) เกาะหลีเป๊ะ ม.7,8 ในการเพิ่มขีดความสามารถในการประกอบอาชีพไลฟ์การ์ดเพื่อยกระดับความปลอดภัยเกาะหลีเป๊ะ",4957000.0,สำนักงานการทอ่งเที่ยวและกีฬาจังหวัดสตูล,accepted,522343
3.2,2. แผนงานสร้างความเจริญเติบโตอย่างยั่งยืน,ท่องเที่ยวเน้นคุณภาพ,โครงการพัฒนาบุคลากรเพื่อยกระดับการให้บริการการท่องเที่ยวบนวิถีชีวิตใหม่ (New Normal),1000000.0,วิทยาลัยชุมชนสตูล/สถาบันวิทยาลัยชุมชนชนสตูล,accepted,522344
3.2,2. แผนงานสร้างความเจริญเติบโตอย่างยั่งยืน,ท่องเที่ยวเน้นคุณภาพ,พัฒนาอัตลักษณ์น่าน มุ่งสู่เมืองสร้างสรรค์ (Creative City) : ยกระดับมาตรฐานการอำนวยความสะดวกและดูแลความปลอดภัยแก่นักท่องเที่ยวและสถานที่ท่องเที่ยว (Amazing Thai Host)  เพื่อรองรับการท่องเที่ยวตามวิถีใหม่ (New Normal),7105000.0,สำนักงานการท่องเที่ยวและกีฬาจังหวัดน่าน,accepted,522345
3.2,2. แผนงานสร้างความเจริญเติบโตอย่างยั่งยืน,ท่องเที่ยวเน้นคุณภาพ,พัฒนาเมืองสกลนคร ให้เป็นเมืองท่องเที่ยวเชิงวัฒนธรรมอาหารท้องถิ่นอีสานแบบใหม่ (E-San Gastronomy),28500000.0,มหาวิทยาลัยเกษตรศาสตร์วิทยาเขตเฉลิมพระเกียรติจังหวัดสกลนคร,accepted,522346
3.2,2. แผนงานสร้างความเจริญเติบโตอย่างยั่งยืน,ท่องเที่ยวเน้นคุณภาพ,ท่องเที่ยวเชิงสร้างสรรค์ร่วมกับสภาเด็กและเยาวชน,1184000.0,สนง.พมจ.อุดรธานี,accepted,522347
3.1,2. แผนงานสร้างความเจริญเติบโตอย่างยั่งยืน,ท่องเที่ยวเน้นคุณภาพ,"โครงการ Gastronomy Tourism : LANNA Gastronomy ""คิดถึงเชียงใหม่""",50000000.0,มหาวิทยาลัยเชียงใหม่ กระทรวงการอุดมศึกษา วิทยาศาสตร์ วิจัยและนวัตกรรม,considering,522348
3.1,2. แผนงานสร้างความเจริญเติบโตอย่างยั่งยืน,ท่องเที่ยวเน้นคุณภาพ,โครงการยกระดับนวัตกรรมแหล่งท่องเที่ยวโดยชุมชนเชิงสร้างสรรค์สู่ตลาด ท่องเที่ยวคุณภาพตามวิถีนิวนอมอล (Innovative CBT for New Normal),460000000.0,องค์การบริหารการพัฒนาพื้นที่พิเศษเพื่อการท่องเที่ยวอย่างยั่งยืน (องค์การมหาชน) (อพท.),considering,522349
3.1,2. แผนงานสร้างความเจริญเติบโตอย่างยั่งยืน,ท่องเที่ยวเน้นคุณภาพ,โครงการส่งเสริมการจ้างงานเพื่อการท่องเที่ยวชุมชนเชิงสร้างสรรค์,150000000.0,สำนักงานส่งเสริม เศรษฐกิจสร้างสรรค์ (องค์การมหาชน) (สำนักนายกรัฐมนตรี),considering,522350
3.1,2. แผนงานสร้างความเจริญเติบโตอย่างยั่งยืน,ท่องเที่ยวเน้นคุณภาพ,"โครงการยกระดับนวัตกรรมเพื่อการสร้างสรรค์และยกระดับผลิตภัณฑ์สิ่งทออัตลักษณ์ชุมชน เพื่อส่งเสริมการท่องเที่ยวและฟื้นฟูเศรษฐกิจฐานรากในภาคเหนือและภาคตะวันออกเฉียงเหนือ : การท่องเที่ยวชุมชนนวัตกรรม เส้นทางวัฒนธรรม ""ผ้าซิ่นล้านช้าง ผ้าพื้นเมืองล้านนา""",20000000.0,สำนักงานพัฒนาวิทยาศาสตร์และเทคโนโลยีแห่งชาติ กระทรวงการอุดมศึกษา วิทยาศาสตร์ วิจัยและนวัตกรรม,considering,522351
3.3,3. แผนงานกระตุ้นอุปโภค บริโภค และกระตุ้นการท่องเที่ยว,แผนงานกระตุ้นอุปโภค บริโภค และกระตุ้นการท่องเที่ยว,โครงการกำลังใจ,2400000000.0,การท่องเที่ยวแห่งประเทศไทย (ททท.) กระทรวงการท่องเที่ยวและกีฬา,accepted,522352
3.3,3. แผนงานกระตุ้นอุปโภค บริโภค และกระตุ้นการท่องเที่ยว,แผนงานกระตุ้นอุปโภค บริโภค และกระตุ้นการท่องเที่ยว,โครงการเราเที่ยวด้วยกัน,20000000000.0,การท่องเที่ยวแห่งประเทศไทย (ททท.) กระทรวงการท่องเที่ยวและกีฬา,considering,522353
3.2,2. แผนงานสร้างความเจริญเติบโตอย่างยั่งยืน,ท่องเที่ยวเน้นคุณภาพ,โครงการส่งเสริมการตลาดผลิตภัณฑ์ชุมชนตามฐานวิถีชีวิตใหม่ New Normal,1000000.0,สำนักงานพัฒนาชุมชนลำพูน,accepted,522354
3.2,2. แผนงานสร้างความเจริญเติบโตอย่างยั่งยืน,ท่องเที่ยวเน้นคุณภาพ,ยกระดับเศรษฐกิจน่านสู่นวัตกรรม/เชิงสร้างสรรค์ : พัฒนาชุมชนท่องเที่ยวเชิงคุณภาพเพื่อการพัฒนาเศรษฐกิจท้องถิ่น,620000.0,สำนักงานพัฒนาชุมชนจังหวัดน่าน,accepted,522355
3.2,1. แผนงานที่มีวัตถุประสงค์เพื่อสร้างความเข้มแข็งเศรษฐกิจฐานราก,การสร้างงาน สร้างอาชีพ,ส่งเสริมการผลิตผักปลอดภัยในโรงเรือนอัจฉริยะเพื่อพัฒนาสู่อินทรีย์รองรับเมืองสุขภาวะ,13951500.0,1.สำนักงานเกษตรและสหกรณ์จังหวัดแพร่/2.สำนักงานเกษตรจังหวัด/3.ศูนย์วิจัยและพัฒนาการเกษตรแพร่,accepted,522356
3.2,2. แผนงานสร้างความเจริญเติบโตอย่างยั่งยืน,เกษตรแปลงใหญ่ และเกษตรสมัยใหม่,โครงการส่งเสริมการผลิตปุ๋ยอินทรีย์เพื่อสนับสนุนกลุ่มเกษตรอินทรีย์,1275000.0,สถานีพัฒนาที่ดินสุโขทัย,accepted,522357
3.2,1. แผนงานที่มีวัตถุประสงค์เพื่อสร้างความเข้มแข็งเศรษฐกิจฐานราก,โลจิสติกส์ และ Digital Platform เพื่อเชื่อมโยงชุมชนกับตลาด,ส่งเสริมการตลาดผ่านช่องทางออนไลน์ และการพัฒนาผลิตภัณฑ์,213000.0,สำนักงานพาณิชย์จังหวัดอุทัยธานี,accepted,522358
3.2,1. แผนงานที่มีวัตถุประสงค์เพื่อสร้างความเข้มแข็งเศรษฐกิจฐานราก,การสร้างงาน สร้างอาชีพ,สร้างอาหารปลอดภัย เสริมอาชีพ ลดรายจ่ายกับเกษตรกรจังหวัดเลย,2621500.0,ศูนย์ส่งเสริมและพัฒนาอาชีพการเกษตรจังหวัดเลย,accepted,522359
3.2,1. แผนงานที่มีวัตถุประสงค์เพื่อสร้างความเข้มแข็งเศรษฐกิจฐานราก,โลจิสติกส์ และ Digital Platform เพื่อเชื่อมโยงชุมชนกับตลาด,สร้างตลาดออนไลน์ด้วยการจัดทำเว็บไซต์ และประมวลผลบน Platform Line OA ในความปกติใหม่ (New Normal) และเพื่อช่วยส่งเสริมการขายให้กับผู้ประกอบการในสถานการณ์ COVID,500000.0,สำนักงานพาณิชย์จังหวัดเลย,accepted,522360
3.2,2. แผนงานสร้างความเจริญเติบโตอย่างยั่งยืน,ท่องเที่ยวเน้นคุณภาพ,เชฟชุมชน เพื่อการท่องเที่ยวรูปแบบใหม่ ส่งเสริมนโยบายการท่องเที่ยวเชิงอาหาร (Gastronomy Tourism) แบบยั่งยืน,2000000.0,สำนักงานการท่องเที่ยวและกีฬาจังหวัดเลย,accepted,522361
3.2,2. แผนงานสร้างความเจริญเติบโตอย่างยั่งยืน,เกษตรแปลงใหญ่ และเกษตรสมัยใหม่,ส่งเสริมเกษตรอินทรีย์,16589000.0,สำนักงานเกษตรและสหกรณ์จังหวัดหนองคาย,accepted,522362
3.2,2. แผนงานสร้างความเจริญเติบโตอย่างยั่งยืน,เกษตรแปลงใหญ่ และเกษตรสมัยใหม่,พัฒนาศักยภาพโรงงานแปรรูปสมุนไพรต้นแบบ เพื่อเพิ่มมูลค่าทางเศรษฐกิจชุมชนเครือข่ายศูนย์ศึกษาการพัฒนาภูพานอันเนื่องมาจากพระราชดำริ,10000000.0,ศูนย์ศึกษาการพัฒนาภูพาน จังหวัดสกลนคร/อันเนื่องมาจากพระราชดำริ,accepted,522363
3.2,2. แผนงานสร้างความเจริญเติบโตอย่างยั่งยืน,เกษตรแปลงใหญ่ และเกษตรสมัยใหม่,พัฒนาแหล่งน้ำเพิ่มศักยภาพการผลิตเครือข่ายพื้นที่ขยายผล ศูนย์ศึกษาการพัฒนาภูพานอันเนื่องมาจากพระราชดำริ,6520000.0,ศูนย์ศึกษาการพัฒนาภูพาน จังหวัดสกลนคร/อันเนื่องมาจากพระราชดำริ,accepted,522364
3.2,2. แผนงานสร้างความเจริญเติบโตอย่างยั่งยืน,เกษตรแปลงใหญ่ และเกษตรสมัยใหม่,ส่งเสริมแหล่งเรียนรู้เพิ่มศักยภาพชุมชนเข้มแข็งเพื่อความยั่งยืน ตามหลักปรัชญาเศรษฐกิจพอเพียง ศูนย์ศึกษาการพัฒนาภูพานอันเนื่องมาจากพระราชดำริ,14400000.0,ศูนย์ศึกษาการพัฒนาภูพาน จังหวัดสกลนคร/อันเนื่องมาจากพระราชดำริ,accepted,522365
3.2,2. แผนงานสร้างความเจริญเติบโตอย่างยั่งยืน,ท่องเที่ยวเน้นคุณภาพ,พัฒนาผลิตภัณฑ์และส่งเสริมการตลาดการท่องเที่ยวชุมชนเชิงสร้างสรรค์ตามวิถี New Normal,38234000.0,1. สำนักงานพัฒนาชุมชนจังหวัดนครพนม/2. สำนักงานการท่องเที่ยวและกีฬาจังหวัดนครพนม/3. สำนักงานอุตสาหกรรมจังหวัดนครพนม/4. สำนักงานพาณิชย์จังหวัดนครพนม/5. สำนักงานวัฒนธรรมจังหวัดนครพนม/6. วิทยาลัยนาหว้า/7. ศูนย์บ่มเพาะวิสาหกิจชุมชน มหาวิทยาลัยนครพนม,accepted,522366
3.2,1. แผนงานที่มีวัตถุประสงค์เพื่อสร้างความเข้มแข็งเศรษฐกิจฐานราก,การสร้างงาน สร้างอาชีพ,ส่งเสริมการปลูกไม้ดอก,1028100.0,สำนักงานเกษตรจังหวัดมุกดาหาร,accepted,522367
3.2,1. แผนงานที่มีวัตถุประสงค์เพื่อสร้างความเข้มแข็งเศรษฐกิจฐานราก,การสร้างงาน สร้างอาชีพ,แปรรูปผลิตภัณฑ์ชุมชนประเภทอาหารเพื่อเพิ่มรายได้ให้กลุ่มผู้ผลิต ผู้ประกอบการชุมชน,2600000.0,สำนักงานพัฒนาชุมชนจังหวัด/มุกดาหาร,accepted,522368
3.2,1. แผนงานที่มีวัตถุประสงค์เพื่อสร้างความเข้มแข็งเศรษฐกิจฐานราก,การสร้างงาน สร้างอาชีพ,เหลียวหลัง แลหน้า ร่วมพัฒนากลุ่มคนเปราะบาง จังหวัดมุกดาหาร,3073900.0,สำนักงานพัฒนาสังคมและความมั่นคงของมนุษย์จังหวัดมุกดาหาร,accepted,522369
3.2,1. แผนงานที่มีวัตถุประสงค์เพื่อสร้างความเข้มแข็งเศรษฐกิจฐานราก,การสร้างงาน สร้างอาชีพ,ยกระดับมาตรฐานผลิตภัณฑ์ชุมชนและเพิ่มช่องทางการจำหน่ายสินค้าชุมชนจังหวัดกาฬสินธุ์,457600.0,อุตสาหกรรมจังหวัดกาฬสินธุ์,accepted,522370
3.2,1. แผนงานที่มีวัตถุประสงค์เพื่อสร้างความเข้มแข็งเศรษฐกิจฐานราก,การสร้างงาน สร้างอาชีพ,พัฒนาการผลิต การแปรรูปสมุนไพรที่ได้มาตรฐาน และส่งเสริมการใช้สมุนไพร จังหวัดกาฬสินธุ์ พ.ศ. 2564,1740320.0,สำนักงานสาธารณสุขจังหวัดกาฬสินธุ์,accepted,522371
3.2,1. แผนงานที่มีวัตถุประสงค์เพื่อสร้างความเข้มแข็งเศรษฐกิจฐานราก,การสร้างงาน สร้างอาชีพ,แปรรูปผลิตภัณฑ์การเกษตร,554700.0,สำนักงานอุตสาหกรรมจังหวัดมหาสารคาม,accepted,522372
3.2,1. แผนงานที่มีวัตถุประสงค์เพื่อสร้างความเข้มแข็งเศรษฐกิจฐานราก,การสร้างงาน สร้างอาชีพ,“สืบสานตำนานศิลป์ ผ้าถิ่นไทร้อยเอ็ด”,20210000.0,สำนักงานพัฒนาชุมชนจังหวัดร้อยเอ็ดสพจ.ร้อยเอ็ด,accepted,522373
3.2,2. แผนงานสร้างความเจริญเติบโตอย่างยั่งยืน,เกษตรแปลงใหญ่ และเกษตรสมัยใหม่,ตามแผนพัฒนาชนบทเชิงพื้นที่ประยุกต์ตามแนวพระราชดำริ (ปิดทองหลังพระ) ห้วยอัคคะ อันเนื่องมาจากพระราชดำริ,2000000.0,สำนักงานทรัพยากรธรรมชาติและสิ่งแวดล้อมจังหวัดร้อยเอ็ด,accepted,522374
3.2,2. แผนงานสร้างความเจริญเติบโตอย่างยั่งยืน,เกษตรแปลงใหญ่ และเกษตรสมัยใหม่,ตามแผนพัฒนาชนบทเชิงพื้นที่ประยุกต์ตามแนวพระราชดำริ (ปิดทองหลังพระ) ห้วยยางอันเนื่องมาจากพระราชดำริ,1000000.0,สำนักงานทรัพยากรธรรมชาติและสิ่งแวดล้อมจังหวัดร้อยเอ็ด,accepted,522375
3.2,2. แผนงานสร้างความเจริญเติบโตอย่างยั่งยืน,เกษตรแปลงใหญ่ และเกษตรสมัยใหม่,ตามแผนพัฒนาชนบทเชิงพื้นที่ประยุกต์ตามแนวพระราชดำริ (ปิดทองหลังพระ) ห้วยทรายตอนบนอันเนื่องมาจากพระราชดำริ,2000000.0,สำนักงานทรัพยากรธรรมชาติและสิ่งแวดล้อมจังหวัดร้อยเอ็ด,accepted,522376
3.2,2. แผนงานสร้างความเจริญเติบโตอย่างยั่งยืน,ท่องเที่ยวเน้นคุณภาพ,ท่องเที่ยวเชิงเกษตรเพื่อสร้างอาชีพ (Agro-tourism for building sustainable career),1051449.0,สำนักงานเกษตรจังหวัดนครราชสีมา,accepted,522377
3.2,1. แผนงานที่มีวัตถุประสงค์เพื่อสร้างความเข้มแข็งเศรษฐกิจฐานราก,โครงการยกระดับเศรษฐกิจและสังคมรายตำบล,พัฒนาผลิตภัณฑ์ OTOP/ผลิตภัณฑ์ชุมชน และส่งเสริมช่องทางการตลาดทางระบบ offline/online,9660000.0,สำนักงานพัฒนาชุมชนจังหวัดบุรีรัมย์,accepted,522378
3.2,1. แผนงานที่มีวัตถุประสงค์เพื่อสร้างความเข้มแข็งเศรษฐกิจฐานราก,โครงการยกระดับเศรษฐกิจและสังคมรายตำบล,ส่งเสริมกลุ่มเกษตรกรเพื่อเพิ่มประสิทธิภาพการปลูกข้าวและการพัฒนาการตลาดสินค้าเกษตรในรูปแบบเกษตรอัจฉริยะแบบครบวงจร (Smart Rice Farm),8500000.0,มหาวิทยาลัยเทคโนโลยีราชมงคลอีสาน วิทยาเขตสุรินทร์,accepted,522379
3.2,2. แผนงานสร้างความเจริญเติบโตอย่างยั่งยืน,เกษตรแปลงใหญ่ และเกษตรสมัยใหม่,เกษตรผสมผสานตามแนวเศรษฐกิจพอเพียงเพื่อสร้างความมั่นคงด้านอาหารและ   เสริมสร้างรายได้ในชุมชน,4379500.0,สำนักวิจัยและพัฒนาการเกษตรเขตที่ 4 จังหวัดดอุบลราชธานี,accepted,522380
3.2,2. แผนงานสร้างความเจริญเติบโตอย่างยั่งยืน,เกษตรแปลงใหญ่ และเกษตรสมัยใหม่,ส่งเสริมการเกษตรแบบผสมผสานโดยจัดระบบอนุรักษ์ดินและน้ำในไร่นา,19407350.0,สถานีพัฒนาที่ดินยโสธร,accepted,522381
3.2,2. แผนงานสร้างความเจริญเติบโตอย่างยั่งยืน,เกษตรแปลงใหญ่ และเกษตรสมัยใหม่,เพิ่มประสิทธิภาพการผลิตและแปรรูปสินค้าเกษตร/กิจกรรม 4 เพิ่มประสิทธิภาพการแปรรูปสินค้าเกษตร,3980850.0,สำนักงานเกษตรจังหวัดยโสธร,accepted,522382
3.2,2. แผนงานสร้างความเจริญเติบโตอย่างยั่งยืน,เกษตรแปลงใหญ่ และเกษตรสมัยใหม่,หมู่บ้านต้นแบบการผลิตเมล็ดพันธุ์คุณภาพ,1000000.0,ศูนย์วิจัยพืชสวนศรีสะเกษ,accepted,522383
3.2,2. แผนงานสร้างความเจริญเติบโตอย่างยั่งยืน,เกษตรแปลงใหญ่ และเกษตรสมัยใหม่,เพิ่มประสิทธิภาพการผลิตและการตลาดเกษตรแปลงใหญ่,10015640.0,สำนักงานเกษตรจังหวัดอำนาจเจริญ,accepted,522384
3.2,1. แผนงานที่มีวัตถุประสงค์เพื่อสร้างความเข้มแข็งเศรษฐกิจฐานราก,การสร้างงาน สร้างอาชีพ,เพิ่มประสิทธิภาพธนาคารผลผลิตสัตว์น้ำในชุมชน,2839600.0,สำนักงานประมงจังหวัดชัยนาท,accepted,522385
3.2,2. แผนงานสร้างความเจริญเติบโตอย่างยั่งยืน,เกษตรแปลงใหญ่ และเกษตรสมัยใหม่,พัฒนาแหล่งน้ำชุมชนด้วยระบบประปาหมู่บ้านพลังงานแสงอาทิตย์,1300000.0,สำนักงานการท่องเที่ยวและกีฬาจังหวัดสมุทรปราการ,accepted,522386
3.2,1. แผนงานที่มีวัตถุประสงค์เพื่อสร้างความเข้มแข็งเศรษฐกิจฐานราก,การสร้างงาน สร้างอาชีพ,การเพิ่มมูลค่าผลิตภัณฑ์แปรรูปจากผลผลิตทางการเกษตรเพื่อประโยชน์ในเชิงพาณิชย์,1200000.0,มหาวิทยาลัยมหิดล วิทยาเขตกาญจนบุรี,accepted,522387
3.2,1. แผนงานที่มีวัตถุประสงค์เพื่อสร้างความเข้มแข็งเศรษฐกิจฐานราก,การสร้างงาน สร้างอาชีพ,ส่งเสริมและถ่ายทอดองค์ความรู้การเพาะเลี้ยงปูม้าเชิงพาณิชย์เพื่อเสริมสร้างธุรกิจประมงชุมชนและประมงชายฝั่งเพชรบุรี,5971950.0,ศูนย์วิจัยและพัฒนาพันธุกรรมสัตว์น้ำเพชรบุรี,accepted,522388
3.2,1. แผนงานที่มีวัตถุประสงค์เพื่อสร้างความเข้มแข็งเศรษฐกิจฐานราก,โครงการยกระดับเศรษฐกิจและสังคมรายตำบล,เพิ่มศักยภาพผลิตภัณฑ์อาหารปลอดภัยจังหวัดประจวบคีรีขันธ์,8018300.0,สำนักงานพัฒนาชุมชนจังหวัดประจวบคีรีขันธ์,accepted,522389
3.2,1. แผนงานที่มีวัตถุประสงค์เพื่อสร้างความเข้มแข็งเศรษฐกิจฐานราก,โลจิสติกส์ และ Digital Platform เพื่อเชื่อมโยงชุมชนกับตลาด,ส่งเสริมผลิตภัณฑ์และสินค้าชุมชนเพื่อการตลาดออนไลน์ ด้วยแนวทาง New Normal,1103105.0,วิทยาลัยชุมชนสมุทรสาคร,accepted,522390
3.2,1. แผนงานที่มีวัตถุประสงค์เพื่อสร้างความเข้มแข็งเศรษฐกิจฐานราก,การสร้างงาน สร้างอาชีพ,สร้างอาชีพ สร้างรายได้ เพื่อบรรเทาปัญหาความเดือดร้อนแก่ผู้ว่างงาน/ผู้มีรายได้น้อย,1156800.0,สนง.แรงงานจังหวัดสมุทรสาคร,accepted,522391
3.2,1. แผนงานที่มีวัตถุประสงค์เพื่อสร้างความเข้มแข็งเศรษฐกิจฐานราก,การสร้างงาน สร้างอาชีพ,โครงการพัฒนาทักษะเพื่อเพิ่มโอกาสในการประกอบอาชีพเพื่อสร้างความเข้มแข็งและยั่งยืนให้กับชุมชน,5090000.0,สถาบันพัฒนาฝีมือแรงงาน 11 สุราษฎร์ธานี,accepted,522392
3.2,1. แผนงานที่มีวัตถุประสงค์เพื่อสร้างความเข้มแข็งเศรษฐกิจฐานราก,การสร้างงาน สร้างอาชีพ,โครงการพัฒนาและยกระดับสถาบันเกษตรกร องค์กรเกษตรกร และวิสาหกิจชุมชน จังหวัดระนอง,1630400.0,สำนักงานเกษตรจังหวัดระนอง,accepted,522393
3.2,1. แผนงานที่มีวัตถุประสงค์เพื่อสร้างความเข้มแข็งเศรษฐกิจฐานราก,การสร้างงาน สร้างอาชีพ,พัฒนาทักษะเพื่อการประกอบอาชีพและการมีงานทำ,1082500.0,สำนักงานพัฒนาผีมือแรงงาน จังหวัดแม่ฮ่องสอน,accepted,522394
3.2,2. แผนงานสร้างความเจริญเติบโตอย่างยั่งยืน,เกษตรแปลงใหญ่ และเกษตรสมัยใหม่,โครงการธนาคารสัตว์น้ำประจำหนองสาหร่าย,1028000.0,สำนักงานประมงจังหวัดสิงห์บุรี  สำนักงานสถิติจังหวัดสิงห์บุรี,considering,522395
3.2,2. แผนงานสร้างความเจริญเติบโตอย่างยั่งยืน,เกษตรแปลงใหญ่ และเกษตรสมัยใหม่,โครงการเพิ่มประสิทธิภาพการผลิตสินค้าเกษตรและอุตสาหกรรมที่สำคัญ,42902295.0,จังหวัดหนองคาย,accepted,522396
3.2,1. แผนงานที่มีวัตถุประสงค์เพื่อสร้างความเข้มแข็งเศรษฐกิจฐานราก,การสร้างงาน สร้างอาชีพ,เพิ่มศักยภาพกลุ่มแปรรูปสัตว์น้ำ,984280.0,จังหวัดบึงกาฬ,accepted,522397
3.2,1. แผนงานที่มีวัตถุประสงค์เพื่อสร้างความเข้มแข็งเศรษฐกิจฐานราก,การสร้างงาน สร้างอาชีพ,ส่งเสริมการผลิตไข่ไก่คุณภาพจากแม่ไก่อารมณ์ดีสู่ผลิตภัณฑ์อาหารปลอดภัยเพื่อจำหน่ายในตลาดดิจิตอลของสหกรณ์การเกษตรเซกาจำกัด,3029200.0,จังหวัดบึงกาฬ,accepted,522398
3.2,2. แผนงานสร้างความเจริญเติบโตอย่างยั่งยืน,เกษตรแปลงใหญ่ และเกษตรสมัยใหม่,ส่งเสริมการผลิตและการตลาดเกษตรกร,351200.0,จังหวัดบึงกาฬ,accepted,522399
3.1,2. แผนงานสร้างความเจริญเติบโตอย่างยั่งยืน,เศรษฐกิจชีวภาพ/BCG,โครงการพัฒนาศักยภาพอุตสาหกรรมปาล์มน้ำมันสู่ Oleochemical แบบครบวงจรภายหลังผลกระทบ Covid-19,20000000.0,กระทรวงการอุดมศึกษา วิทยาศาสตร์ วิจัยและนวัตกรรม,accepted,522400
